情绪,专家意见
,0
0,你好，这个时间跨度比较大，一切皆有可能，但你需要考虑你的资金能否承受向下的波动的风险。(2018-01-25 22:07:22)
0,你好，欧美上方压力关注1.2550区域。(2018-01-25 22:08:49)
0,你好，黄金建议回踩再进场，关注1253~1255区域。(2018-01-25 22:08:21)
,你好，行情很少一口气走到底不休息的，中间都要经历反反复复的过程。(2018-01-25 22:05:58)
0,"你好，欧美目前不要考虑逆势抓顶。如需更多外汇技术指导，可添加微信号yishuang656,进行详细咨询。(2018-01-25 21:55:34)"
0,你好，21:30的加拿大零售销售数据月率并未能对加元形成打压，晚间反弹到1.2360的可能性比较小了。(2018-01-25 21:53:56)
,你好，目前市场关注的焦点在欧元，黄金也在动，只不过幅度比较小。(2018-01-25 21:54:40)
1,你好，德拉基表示强劲的经济势头提振了通胀上扬的信心，核心通胀将在中期逐步上扬。(2018-01-25 21:46:40)
,你好，澳美策略做多为主，但不考虑追单，尽量回调进场。(2018-01-25 21:41:34)
0,你好，晚间欧洲央行公布利率决议以及德拉基召开新闻发布会，如果今晚还跌不动就可以直接换。(2018-01-25 21:36:06)
,你好，目前市场还在等待德拉基召开新闻发布会，后续波动会加大，欧元作为美元指数中占比最大的品种，对美元指数也会有较大影响。(2018-01-25 21:33:22)
0,"你好，加元人民币目前支撑就在5.12附近，跌破此区域才有机会进一步下探5.0平台。如需更多外汇技术指导，可添加微信号yishuang656,进行详细咨询。(2018-01-25 21:13:22)"
0,你好，欧人近期位于8.0下方横盘震荡，后续兑换可关注7.75以及7.7附近的兑换机会。(2018-01-25 21:11:58)
0,你好，可以在英镑和加元回调后择机配置。(2018-01-25 21:09:40)
1,你好，如果美加反弹1.2360都破不了走势仍然偏空，将进一步向下方支撑发起冲击。(2018-01-25 21:09:00)
,你好，先换一年学费就可以。(2018-01-25 21:02:37)
,"你好，欧央行宣布维持主要再融资利率于0%水平不变，维持隔夜存款利率-0.4%不变，维持隔夜贷款利率0.25%不变，欧元兑美元短线陷入震荡。如需更多外汇技术指导，可添加微信号yishuang656,进行详细咨询。(2018-01-25 20:56:16)"
1,你好，英镑后续回踩至8.9附近就可以着手进行兑换，逢低分批换。(2018-01-25 20:44:44)
1,你好，英国脱欧后英镑已经经历了一波3000点的快速下跌行情，而且这一波下跌是从2014年1.7上方高点开始的，目前行情是对于前期大幅下跌的反弹修正。(2018-01-25 20:39:11)
1,你好，美加日线级别重要压力位于1.2580~1.2660区域，如果有机会反弹到此区域可考虑布局波段空单。(2018-01-25 20:42:22)
,0
,0
1,你好，美元指数短线暂时止跌出现调整走势，直盘品种也均出现一定幅度回调，但后续短线操作仍然以高空美元为主，镑美中期仍然看涨。(2018-01-25 20:30:51)
0,"你好，美加中期还是看跌，短线反弹后可寻找高点进场布局空单。如需更多外汇技术指导，可添加微信号yishuang656,进行详细咨询。(2018-01-25 20:27:57)"
0,你好，今天就可以找低点换，下方支撑就在5.12附近。(2018-01-25 20:29:18)
0,你好，黄金短线支撑位于1355区域，这个位置跌破后才有机会下探1350区域。(2018-01-25 20:25:09)
0,你好，澳元5.1可以先换一部分，剩余部分关注5.07附近。(2018-01-25 20:23:20)
1,你好，美加晚间反弹高点关注1.2360区域。(2018-01-25 20:19:09)
0,你好，如果是近期就要使用的话建议短线有反弹就进行结汇，美元走势仍然看空。(2018-01-25 20:19:48)
0,"你好，德拉基晚间21:30才召开新闻发布会，目前不建议去赌行情，黄金还是建议逢低做多为主。如需更多外汇技术指导，可添加微信号yishuang656,进行详细咨询。(2018-01-25 20:12:14)"
0,你好，美日空单建议反弹后进场，关注上方109.50区域压力。(2018-01-25 20:10:27)
1,你好，镑美回调做多首先关注1.4220区域平台。(2018-01-25 20:08:31)
0,你好，澳美要做空最好等0.8050破位后选择右侧进场。(2018-01-25 20:04:47)
,专家[周筱冰]答：
0,你好 镑美趋势看涨不变，多单可以继续持有，目标看到1.429/1.433，更多行情交流可加微信zsmlili1818(2018-01-25 17:10:36)
,你好 市场预测利率决议不变，相对影响会减小，美元小幅反弹是有这个可能，但是不会改变趋势(2018-01-25 17:01:23)
1,你好 欧美趋势还没有转变，不建议做空(2018-01-25 16:51:16)
1,你好 可以考虑结汇一半，剩余部分看情况再结汇(2018-01-25 16:49:39)
1,你好 美国官员讲话利好美元，但只能是暂时的，无法改变趋势(2018-01-25 16:44:23)
1,你好 空单可以继续持有，回落看108.5(2018-01-25 16:43:15)
1,你好 黄金现在回踩1357，一旦得到有效支撑将继续上涨(2018-01-25 16:31:12)
0,你好 美加日内再次反弹1.235的可能性不大，上方关注1.233附近，黄金已经到了1357稳健进场点位，空仓的可以布局做多，目标看1364，止损1354(2018-01-25 16:30:27)
,你好 更多行情交流可加微信zsmlili1818，另外今晚对交易知识有课程，需要的也可以添加(2018-01-25 16:26:50)
,0
,0
0,你好 黄金趋势上涨并没有改变，出现回调是正常的，之前提示了1360是激进做多点位，稳健在1357布局(2018-01-25 16:23:19)
1,你好 黄金可以关注1357附近的支撑，回踩可布局做多，有多单的继续持有(2018-01-25 16:22:00)
0,你好 美元下看88.5/88.0，趋势不变就继续看空为主(2018-01-25 16:07:41)
,你好 可以考虑本周兑换(2018-01-25 16:06:46)
,你好 可以考虑兑换英镑(2018-01-25 15:54:19)
,你好 可以考虑这样操作(2018-01-25 15:37:09)
1,你好之前已经回复过你了 激进者现价1.241轻仓可以做多，目标看1.245，稳健做多点位在1.238(2018-01-25 15:36:23)
1,你好 黄金刚刚在1359已经提示做多，现价可以考虑进场(2018-01-25 15:35:19)
0,你好 短期内跌破前期低点的可能性不大，长期看美加还会有较大下跌空间，还是有机会破1.205的(2018-01-25 15:34:54)
1,你好 先看今日高点1.432，突破看到1.435(2018-01-25 15:33:36)
,你好 本周可以考虑兑换(2018-01-25 15:32:57)
0,你好 激进交易者现价1.426可轻仓尝试做多，目标看到1.431，稳健进场点位在1.423(2018-01-25 15:32:42)
0,你好 激进者现价1.241轻仓可以做多，目标看1.245，稳健做多点位在1.238(2018-01-25 15:31:08)
0,你好 大幅波动明显不是正常现象，背后有其它国家的影子，如果跌破6.0会对经济不利，具体在这里也不多预测了(2018-01-25 15:29:36)
0,你好 中期这么大幅度的下跌还是有很大难度的，外汇需要的是稳定，一般在短期内很难出现太大的波动，第一季度到100可能性不大(2018-01-25 15:24:18)
1,你好 可以考虑暂时兑换英镑(2018-01-25 15:22:19)
1,你好 不要因为点位太高而去选择逆势做空，从走势看没有明显的下跌迹象，个人不建议做空(2018-01-25 15:21:32)
1,你好 只要上涨趋势不变就一直看涨，阻力都是用来突破的，另外激进交易者黄金现价1359可布局做多，目标看到1364/1369，止损1354，稳健做多点位1357(2018-01-25 15:19:18)
0,你好 美日现价可以进场做空，目标看到108.5(2018-01-25 15:16:12)
,你好 已经到月底了，本周五可以考虑兑换(2018-01-25 15:14:18)
,0
,0
,你好 可以考虑兑换欧元(2018-01-25 15:13:37)
1,你好 镑美从走势看没有明显的反转迹象，短期内到1.40下方的可能性不大(2018-01-25 15:12:32)
0,你好 美加日内高点就在1.235，预计不会再有新高，小幅反弹可做空(2018-01-25 15:06:10)
0,你好 欧美激进可在1.241做多，稳健1.238做多，黄金在1360小仓位尝试，稳健在1357(2018-01-25 14:58:00)
0,你好 美日现价109.0轻仓可以尝试追空，目标看到108.5(2018-01-25 14:56:30)
1,你好 如果可以长期持有1年以上，可以选择继续持有(2018-01-25 15:13:14)
0,你好 美日连续加速下跌，多单风险很大，如果仓位比较重的建议减仓，预计未来还会下跌，至于解套可以根据行情变化再择机布局，短期大幅上涨的可能性不大(2018-01-25 14:49:33)
1,你好 可以考虑部分购买，现在金价也是在高位，如果有反转迹象就要及时离场，更多行情分析可关注我们的公众号hzzsm888 (2018-01-25 14:47:07)
0,你好 如果偏鸽派，欧元下跌美元反弹，但是趋势还是下跌，不能排除冲高回落的可能(2018-01-25 14:45:17)
1,你好 纽美整体还是上涨趋势，回踩是布局做多机会，回踩0.735可布局做多，上看0.740(2018-01-25 14:40:06)
1,你好 上周很多人也是这个想法，现在美元更低了，趋势没有改变，如果能长期持有1年以上的可以继续持有(2018-01-25 14:33:44)
1,你好 英镑还有升值空间，可以选择继续持有(2018-01-25 14:31:47)
0,你好 整数关口短期不会触碰，大幅下跌对国家经济产生影响，不排除政府会出手干预(2018-01-25 14:29:48)
1,你好 白银阻力在17.7附近，一旦突破阻力，日内到17.8的可能性很大(2018-01-25 14:26:20)
0,你好 美元还是在下跌通道中，不建议兑换美元(2018-01-25 14:19:46)
0,你好 建议尽快兑换人民币，美元还会下跌，这个也是我一直的观点(2018-01-25 14:19:06)
,你好 晚间8点45分公布利率决议，预计保持不变，及时数据分析交流可加我们的微信(2018-01-25 14:17:38)
1,你好 是日内多单的，黄金已经在阻力位附近，可以止盈离场，如果是打算布局短线或中线的，可以继续持有，近期预计还有新高(2018-01-25 14:15:27)
0,你好 近期我们的观点一直是看空美元，建议本周可以考虑兑换(2018-01-25 14:14:14)
0,你好 黄金在1367D1365附近有一定的阻力，现价追多并不合适，激进回踩1360做多(2018-01-25 14:11:20)
,0
,0
1,你好 短期内上涨到1.30会有一定难度，预计中长期还是有机会的(2018-01-25 13:40:09)
0,你好 美日可以关注108.7D108.8附近的支撑，跌破继续下看至108.3，不要猜测低点，趋势不变就没有低点(2018-01-25 13:37:44)
0,你好 预计今年第二季度有回落5.0的可能(2018-01-25 13:36:06)
0,你好 从走势上看预计还会下挫，但如果下跌幅度过大，不排除政府会干预(2018-01-25 13:31:39)
0,你好 美元没有明显的企稳迹象，预计短期还是以下跌为主(2018-01-25 13:29:30)
,0
0,"目前看收线还没有确定在109下方，如果小时线能收线在109下方，则可以进场做空，止损就放在跌破109关口的阴线上方，以上思路可供参考
(2018-01-25 12:01:57)"
1,黄金近期在美指走弱及市场避险复苏情况下录得上行，并创近期新高，日线图看均线呈现多头排列，小时线更是接连收阳线突破盘整平台，目前日内短线我认为可以采取做多思路，当前看黄金小时线，阳线创新高后，可以考虑在1355一线进场布局多单，止损放在1352，止盈看1362，更多有关贵金属，外汇，原油行情交流，咨询及技术解析欢迎大家添加个人微信：jingzhe1688跟进了解。(2018-01-25 11:26:18)
1,目前美元还是维持弱势走势，不急着用可以等待至3月末，看届时美联储是否能给出加息刺激，如果能给出加息刺激，美元能会涨至6.5.(2018-01-25 11:24:48)
0,从分时K线图上看此时行情，属于收阳线突破前期的平台压制，此时操作我认为可以考虑做多为主，做空逆势也与行情实际走势不符。(2018-01-25 11:12:42)
0,美加在美元走低，同时原油市场表现靓丽带来的加元走强之际，近期走势是下行的，目前跌破1.24关口，后续我认为可以考虑看1.2050前期低点的支撑情况，目前看趋势依旧走空为主。(2018-01-25 10:52:53)
0,受美元疲软走势影响，加之周二日本央行的利率决议给出较为强势的信号，美日近期走势是看空的，日内推荐关注109.5进场点位布局空单，另从小时线看，如果能收阴线跌破109关口，则后续可以进场追空。(2018-01-25 10:45:50)
0,美元前景看跌的，主要原因归结于以下几点：1.世界其他经济体也在走货币政策正常化的道路，与美联储之间的差距再减小，缩小了美元的优势地位；2.美国政坛一直存在政治不确定性；3.美国税改对于美元的短期利好出尽，同时对于因税改带来的财政赤字反而加大了市场的一些忧虑情绪，目前市场将目光更多聚集在税改的长期效果，基于以上几点，美元还是有看空条件的。(2018-01-25 10:12:13)
1,黄金近期走势强劲，虽然周初美国政府停摆危机解除，但是并没有对黄金造成多大的利空，同时美元持续低迷给了黄金较强的上涨动能；周三黄金分时K线图收阳线突破1343平台压制后，周四再创近期新高，目前日内短线我认为可以采取做多思路，当前看黄金小时线，阳线创新高后，可以考虑在1355一线进场布局多单，止损放在1352，止盈看1362，以上思路可供参考。(2018-01-25 09:55:30)
1,可以考虑结汇，近期欧元的强劲表现，已经引起欧银官员的担忧情绪，不排除今天的利率决议爆出鸽派言论，市场得到的消息是，欧银官员对于欧元走强是持有损及经济发展势头的忧虑的。(2018-01-25 09:41:29)
,0
1,你好，欧元之前突破了重要阻力位置，方向上是倾向逢低多，那么做的话尽量考虑回调支撑进场，别太关注阻力去做空。(2018-01-24 21:23:32)
1,你好，镑美上方强压力是1.4250，目前还没有触及这个位置。(2018-01-24 21:25:39)
0,你好，后续美日如果回测111-110.5附近区域的时候，可以尝试空单进场，不能有效突破该区域的话，美日依旧是空头主导。(2018-01-24 21:20:00)
1,你好，如果作为保值建议后续美元反弹后找机会兑换成加元或英镑。(2018-01-24 21:27:06)
0,你好，美日再往下支撑看到109.00整数位。如需更多外汇技术指导，可添加微信号xi13762 202524，进行详细咨询。(2018-01-24 21:24:23)
0,你好，关键技术位破位，多头止损空头进场。(2018-01-24 21:40:38)
,0
,0
1,你好，从大级别来看黄金周线来看已经接近高点1370附近了，就目前美元的情况来看，这个高点被突破的概率很大，做空的时候应该严格设置止损。从短线来说日内也突破了短线横盘区间继续上行，目前没有出现顶部信号的迹象。建议以尽量减少亏损出场为主。后续如果有机会去回踩1340附近的话找机会离场，只有跌穿1340附近才有继续向下回调的可能，否则会回测之后继续上拉。(2018-01-24 21:14:59)
,你好，思路不错，多头不死空头不止，但仍需要注意风险。(2018-01-24 21:35:31)
0,你好，如果是近期就要使用的话，建议短线有小反弹就进行结汇。(2018-01-24 21:02:15)
0,你好，美加跌破近期横盘区间后，将向下方1.2260以及去年9月份低点1.2060区域发起冲击。(2018-01-24 20:47:22)
1,你好，镑美前期强压力位于1.3860区域以及上行通道上轨，目前突破后形成加速行情，更上方强压力位于1.4250区域。如需更多外汇技术指导，可添加微信号xi13762 202524，进行详细咨询。(2018-01-24 20:45:37)
0,你好，纽人后续4.73如果承压会有机会回落，届时可关注4.64以及4.60附近的兑换机会。(2018-01-24 20:43:34)
1,你好，中期来看澳元仍然是震荡上行走势。(2018-01-24 20:30:39)
,你好，1月底之前大幅反弹的可能性比较小。如需更多外汇技术指导，可添加微信号xi13762 202524，进行详细咨询。(2018-01-24 20:29:13)
1,你好，美加操作逢高做空，反弹关注1.2360区域。(2018-01-24 20:27:21)
,你好，下方已经回答了，请查看。(2018-01-24 20:27:46)
,你好，关于平台的相关的问题可以添加微信号xi13762 202524，进行详细咨询。(2018-01-24 20:24:50)
0,你好，美日晚间等待反弹后逢高做空，反弹关注109.8以及110.00区域，目前美元疲软，直盘品种都以做空美元为主。(2018-01-24 20:22:08)
0,你好，美元指数日内跌破90.00关口后走势依然空头占据主导，操作建议逢高做空。(2018-01-24 20:15:44)
0,你好，澳元兑人民币的话要重点留意5.14附近的争夺，这个位置上不去还有短线回落的可能。(2018-01-24 20:11:42)
,"你好，本周可以重点关注一下明晚的欧洲央行利率决议，如果出现回落可以考虑进行兑换。
(2018-01-24 20:05:33)"
1,你好，后续9块站稳后将会继续向上方9.14以及9.20区域发起冲击。(2018-01-24 20:03:25)
0,你好，因为美元走软人民币走强的缘故，目前美元全面走弱阶段，图形方面美指周线也向下跌穿之前的横盘区间。(2018-01-24 21:09:58)
0,你好，各位新浪的朋友们晚上好，我是分析师陈一铭，本周晚间将由我为大家做外汇分析指导。短线回调如果0.8050如果无法下破，建议先行离场。(2018-01-24 19:59:51)
,0
,"你好，激进可以轻仓考虑，今天下午的指导就要结束了，大家在外汇交易上，重点注意趋势，尽量不要做逆势单，另外外汇市场的波动往往瞬息万变，日内交易主要还是建议快进快出为主。如需更多的交易技巧的课程学习，可以添加公众号：hzzsm888,了解相关资讯及内容。(2018-01-24 16:51:11)"
,你好，是109.8？有盈利机会(2018-01-24 16:44:26)
,0
,0
1,你好，是的，英镑是上涨通道，后市有机会到此位置附近(2018-01-24 16:43:50)
,你好，初步支撑位在88.2附近(2018-01-24 16:29:42)
1,你好，黄金刚刚提示，突破1344，可以在1345直接轻仓做多黄金，做多目标先看1350，黄金在1352的位置是日内的初步阻力位。(2018-01-24 16:15:11)
0,你好，这个问题刚刚已经解答，虽然部分时候欧元的下跌，会成为助推美元的因素之一，但是这种影响相对来说，是比较间接的，依然不能忽视的问题是美元本身，本身的弱势走势是难以支撑其上涨的。在一方面来说，除非是非常大的市场波动，才会带来市场的联动效应，最后，相对来说，市场目前对欧元的情绪可能并不是本月不加息就能消耗的，黄金已经突破1344，做黄金的，可以现价1345轻仓追多。(2018-01-24 16:05:02)
0,你好，做空先看日内亚盘低点109.8，再看破位情况，破位看109.5(2018-01-24 15:39:37)
0,你好，关注昨日晚间的上涨回撤点位1.396，以及5日均线的支撑位1.395的位置，可以回踩布局多单(2018-01-24 15:27:22)
0,你好，机会不大，预计还会下跌。(2018-01-24 15:27:53)
1,你好，可以的，可以轻仓进场，上方重点关注110.2/110.3的阻力位。(2018-01-24 15:25:56)
0,你好，目前还是下跌趋势，预计还会下跌，短期有可能会测试6.35(2018-01-24 15:29:12)
1,你好，可以考虑，欧美短期走势还是看涨的。(2018-01-24 15:11:11)
1,你好，澳美目前走势是高位震荡的行情，下方关注0.798/0.797的支撑位，可以考虑回踩做多澳美。(2018-01-24 15:15:13)
1,你好，欧美关注1.229附近的支撑位，回踩可以轻仓布局多单，做多防守位置看1.226的5日均线支撑情况，上方看1.232/1.235(2018-01-24 15:19:59)
1,你好，个人不建议做空黄金，不排除向上突破的可能。目前四小时的图形上看，下方支撑比较明显，均线呈现平滑向上分布，做空不是很合适，如果行情出现有效突破，也可以再跟进多单。下方还是关注1338的支撑位不变。(2018-01-24 14:53:04)
1,你好，震荡上涨的行情，不是很建议持有(2018-01-24 14:50:08)
1,"你好，有空单的雅瑶考虑好止损的设置，行情若有效突破前期的高点位置1344.5,那么走势上黄金有较大的概率是重回上涨趋势，后市还会向上突破，空单不能持有(2018-01-24 14:49:26)"
0,你好，预计还会下跌，中期有到108附近的可能(2018-01-24 14:28:30)
1,你好，欧元可以持有，还有上涨可能(2018-01-24 14:26:02)
1,你好，其实若果仔细研究市场不难发现，很多时候价格的大幅波动并不依仗基本面事件，更多时候，走势出现之后，基本面事件的影响是其中的助推因素。日内重点关注1.229的支撑位。可以考虑回踩做多。具体图形行情的解析，和未来价格的走向预测，可以添加微信号：zsmlili1818，获得相关的指导学习课程。(2018-01-24 14:25:32)
0,你好，可以的，美日已经破位下跌，支撑位破位转阻力位，可以依托110的阻力位做空美日(2018-01-24 14:20:34)
1,你好，我们在判断价格目标的时候，往往会用到支撑位阻力位的知识，多单在手考虑到的就是价格上方的阻力位，也就是我们多单的目标位置，阻力为的判断中有一个非常重要的部分就是，前期的价格高点，那么近期的黄金价格高点位置在1343/1344的位置，所以，多单可以看此位置即可，若价格能有效突破前高，后市就还有上涨空间。(2018-01-24 14:18:34)
,0
,0
,你好，这个在之前说过，还是要看支撑位的。(2018-01-24 14:15:31)
,你好，不排除这一可能。(2018-01-24 14:14:49)
,你好，虽然部分时候欧元的下跌，会成为助推美元的因素之一，但是这种影响相对来说，是比较间接的，依然不能忽视的问题是美元本身，本身的弱势走势是难以支撑其上涨的。在一方面来说，除非是非常大的市场波动，才会带来市场的联动效应，最后，相对来说，市场目前对欧元的情绪可能并不是本月不加息就能消耗的(2018-01-24 14:13:46)
0,你好，日元走势依然偏空。预计还会下跌。需要的时候可以兑换。(2018-01-24 14:06:41)
1,你好，欧元预计还会上涨，现在可以考虑兑换。(2018-01-24 14:06:02)
1,你好，英镑跟人从去年就开始建议兑换了，有需要的建议及时兑换，后市看涨(2018-01-24 14:04:53)
1,你好，镑美目前是上涨趋势，预计还会上涨(2018-01-24 14:04:23)
0,你好，预计还会下跌，可以再等等(2018-01-24 14:03:53)
0,"你好，难度较大，目前一直是承压下跌的走势，多单建议考虑止损的设置，1.246多单若跌破1.235的短期低点，说明价格重回弱势，后市还会下跌，这个时候就要及时止损了，在交易的过程中，小止损的设置是为了避免更大的止损，就像犯错了要及时认识到错误，不修改，会有反更大错误的可能。日内关注1.245的初步阻力位。若有反弹机会，还是建议及时离场的。如需具体的图形解析及指导建议，可以关注微信公众号：hzzsm888,获得相关的学习课程和资料(2018-01-24 14:03:09)"
0,你好，美加日线级别承压在20日均线的位置，走势上依然偏空头下跌，建议操作上还是做空美加比较合适，下方关注1.236/1.235的前期低点，上方关注1.245的阻力位(2018-01-24 13:56:25)
0,你好，美加日线级别承压在20日均线的位置，走势上依然偏空头下跌，建议操作上还是做空美加比较合适，下方关注1.236/1.235的前期低点(2018-01-24 13:53:58)
1,你好，澳美目前还是上涨趋势，预计还会上涨。(2018-01-24 13:52:35)
0,你好，目前下跌的过程中，短期难有反弹上涨的机会。(2018-01-24 13:48:41)
,你好，有可能，上周周线收出十字线，十字线有可能是反转信号(2018-01-24 13:48:06)
1,你好，是的，英镑走势看涨(2018-01-24 13:47:01)
0,你好，预计还会下跌，可以在需要的时候再兑换(2018-01-24 13:46:41)
,你好，中期看108附近(2018-01-24 13:46:24)
0,你好，短期预计还会承压下跌的可能性更大(2018-01-24 13:45:30)
0,你好，预计还会下跌，下跌的过程中不猜测底部，能否在支撑位反弹也要在后市中寻找反转信号。(2018-01-24 13:45:10)
,你好，也祝大家节日快乐，加元目前走势是比较震荡的，没有明显的趋势和方向，不排除和16年一样，一直呈现震荡的可能，想要兑换也是可以兑换一部分的，预留一部分看后期再考虑兑换，目前从周线上看，加元兑人民币还有下跌可能。(2018-01-24 13:33:31)
,0
,0
,你好，镑日下方强支撑在153、150附近，只要不破150还有反弹的机会，近期主要由于日元走强，镑美承压回落，个人还是比较看好后期走势的，操作上建议逢低布局多单，后期中长线的布局可添加微信jingzhe1688跟进了解。(2018-01-24 11:58:45)
1,你好，镑美整体趋势偏强，日内关注下方1.4000的支撑，逢低布局多单，短线持有，防止空头回补。(2018-01-24 11:53:48)
0,你好，从周线看，澳元兑人民币连续出现两根带长影线的十字星，若本周未能突破前高，则会有短期回落的机会。(2018-01-24 11:52:18)
,你好，美日目前跌破上周低点，扭转了此前日本央行行长黑田东彦表示仍将全力支持货币宽松政策，他的言论抑制了人们的猜测，即日本央行不久将追随欧洲央行和美联储，结束货币宽松政策。从技术面看，美日近期关键的多空分水岭是110.00关口，若跌破该支撑则意味着开启一个新的看跌趋势，下行空间将进一步被打开；操作上逢高布局空单，防止追在地面上。(2018-01-24 11:01:41)
0,你好，从技术面看，美日近期关键的多空分水岭是110.00关口，若跌破该支撑则意味着开启一个新的看跌趋势，下行空间将进一步被打开，日内预计还有测试110的可能，稳健还是在110.5附近布局空单。(2018-01-24 11:14:59)
1,你好，黄金多单可以看前期高点1357，若中长线持有也是可以的，后期中长线布局机会可添加微信jingzhe1688免费交流和学习。(2018-01-24 10:44:06)
1,你好，美日下方看108.9、108的支撑(2018-01-24 10:37:33)
,你好，纽美的确比较强势，不过近期多头有些乏力，操作可以低多布局，下方支撑可关注0.7320，看涨不追涨，防止空头回补被套高点。(2018-01-24 10:42:21)
,你好，澳美近期处于0.7950-0.8020区间震荡，日内守住昨日高点可以尝试布局空单，下方支撑在0.7960，日内暂时高抛低吸。(2018-01-24 10:35:42)
,你好，澳美近期处于0.7950-0.8020区间震荡，日内守住昨日高点可以尝试布局空单，下方支撑在0.7960，日内暂时高抛低吸。(2018-01-24 10:45:13)
,你好，澳美当前未出现回抽企稳的信号，暂时还不能布局空单，日内关注昨日高点的阻力，不破可空，否则近期还有上行的风险，后续的分析学习可添加微信免费咨询。(2018-01-24 10:26:39)
0,你好，澳美近期处于0.7950-0.8020区间震荡，日内守住昨日高点可以尝试布局空单，下方支撑在0.7960，日内暂时高抛低吸。(2018-01-24 10:45:07)
,你好，近期可以分批兑换(2018-01-24 10:12:00)
1,你好，欧美短期还有上行的风险，所以空单还不适合介入，日内支撑看1.2270的支撑，逢低布局多单，看新高。(2018-01-24 11:11:20)
0,你好，美日目前跌破上周低点，扭转了此前日本央行行长黑田东彦表示仍将全力支持货币宽松政策，且不打算缩减刺激措施的早期涨幅。黑田东彦的言论抑制了人们的猜测，即日本央行不久将追随欧洲央行和美联储，结束货币宽松政策。从技术面看，美日近期关键的多空分水岭是110.00关口，若跌破该支撑则意味着开启一个新的看跌趋势，下行空间将进一步被打开；操作上谨慎低多布局。(2018-01-24 10:58:19)
0,你好，纽美有进一步看向0.7400区域的可能；在未来一周里有望继续维持多头的趋势，主要推动因素仍是美元的弱势；日内关注下方0.7340/20的支撑逢低布局多单。(2018-01-24 11:06:17)
0,你好，美加整体偏空趋势，一旦跌破1.2400建议及时离场，日内守住10日均线的阻力位，逢高做空，逆势单择机离场，后续更多详解可添加微信咨询。(2018-01-24 10:47:17)
0,你好，美加趋势偏空，稳健还是建议在日线依据上方10日均线的阻力，逢高布局空单，当前进场的单子建议守住1.2400的支撑逢高减仓或离场。(2018-01-24 10:00:25)
0,你好，做空可参考前期高点的阻力位，后期中长线布局机会可详细咨询微信。(2018-01-24 09:54:17)
0,你好，美元和美国国债收益率走弱，美国十年期国债收益率在近三周内录得最大单日跌幅，美元指数仍陷于三年低位附近；先前美国议员达成协议，暂时解除三天来政府关门局面，不过市场对此担忧并未完全解除，加上全球其他央行收水致美元收益率优势侵蚀，美元仍面临压力。(2018-01-24 09:57:57)
,0
,0
1,你好，欧美支撑看1.2270的支撑，逢低布局多单，后续详细分析可添加微信jingzhe1688免费交流和学习。(2018-01-24 09:53:06)
0,你好，美元和美国国债收益率走弱，美国十年期国债收益率在近三周内录得最大单日跌幅，美元指数仍陷于三年低位附近；先前美国议员达成协议，暂时解除三天来政府关门局面，不过市场对此担忧并未完全解除，加上全球其他央行收水致美元收益率优势侵蚀，美元仍面临压力。(2018-01-24 09:56:32)
0,你好，美指日内先看89.97的低点是否被破，目前暂时没有利好因素的支撑，不过在加息来临前会得到一些支撑。(2018-01-24 09:47:30)
1,你好，镑美多头存在更多上行空间，不过下一轮上行将需新的利好触发因素，即英国录得意外乐观的经济数据，及英国与欧盟就脱欧过渡协议达成君子协定；技术看镑美最终上破1.40关口，不过多头可能难以维持该点位上方的涨势，短线暂时低多为主，看涨不追涨，后续可添加微信详细了解。(2018-01-24 09:32:22)
,你好，欧美汇率在美元下跌期间飙升至6天的高点1.2305，随后承压回落。市场渴望在欧洲央行的量化宽松计划结束时获得更早的期限，许多人希望欧洲央行能清楚地表明其政策改革的下一步举措。如果该央行确实公布了进一步削减量化宽松措施的计划，那么欧元兑美元汇率可能会突破一周多的震荡区间，再度强势走高。然而，如果欧洲央行基调偏向于鸽派，那么美元就有可能恢复升势。欧美近期整体处于1.215-1.230区间里震荡。乐观来说，若欧美上破1.230的压制，阻力将关注上周高点1.2320。再度上破后则依次关注1.2345和1.2385。(2018-01-24 10:11:24)
0,你好，美加整体破偏空走势，上方关注日线10日均线的阻力，逢高布局空单，后续详细分析可添加微信咨询。(2018-01-24 10:13:57)
1,你好，欧元兑人民币整体看处于上行阶段，近期可以考虑兑换(2018-01-24 09:06:14)
,0
,你好，美日多单关注区间下沿110.20附近能否形成支撑。(2018-01-23 21:56:46)
,你好，英镑结汇的话8.96附近已经可以考虑进行了。(2018-01-23 21:44:14)
0,你好，欧美要做空建议耐心等待上方1.2280~1.2300区域。(2018-01-23 21:44:57)
0,你好，如果有效跌破区间下沿110.20可以考虑跟进空单。(2018-01-23 21:36:24)
,你好，澳元如果不急用可以关注一下5.0附近的兑换机会。(2018-01-23 21:32:02)
,"你好，镑美回踩先看1.3900区域，后续还有机会进一步上探，但不建议盲目追高。如需更多外汇技术指导，可添加微信号yishuang656,进行详细咨询。(2018-01-23 21:15:36)"
1,你好，晚间欧美还是看震荡，镑美短线回调后还是可以择机做多。(2018-01-23 21:07:10)
,你好，美日从日线看，目前这个位置属于可上可下的位置，不管是离上方115还是下方108区域都还有一定距离，所以不建议贸然重仓赌空单，可耐心等待小的横盘整理区间110.20~111.50突破后再选择跟进。(2018-01-23 21:05:52)
,你好，目前并没有基本面消息的影响，属于正常技术性走势。(2018-01-23 21:03:28)
0,你好，可以关注一下周四欧洲央行利率决议，届时将有机会回落至7.82左右。(2018-01-23 20:48:29)
,"你好，这几天就要用的话，价格回落至7.82附近就可以换。如需更多外汇技术指导，可添加微信号yishuang656,进行详细咨询。(2018-01-23 20:41:20)"
0,你好，月线级别美元指数能否重新站上92.00区域将决定后续美元中期走势，如果无法站上美元将延续下跌走势。(2018-01-23 20:30:55)
,你好，美加1.2860上方尽量以低多为主。(2018-01-23 20:29:05)
,0
,0
1,有点困难，美股目前继续看多、、、技术上有问题的可以加微信 air_wangliang，平时群里面有行情分析、策略制定和进场提示，欢迎大家加入^_^(2018-01-29 21:19:54)
1,控制仓位逢低可以做个反弹走势，下方关注支撑1340、1335(2018-01-29 21:19:39)
1,黄金这2年时间一直在上涨，尤其2017年下半年，涨势更是强劲，目前仍旧处于上涨走势中、、、若美股暴跌会引发市场避险风险，黄金会受到一定支撑而上涨(2018-01-29 21:09:43)
0,暂时没办法结汇，汇率一直在下跌，目前适合人民币兑换美元，美元结汇很被动，错过了好的机会、、预计价格还会回落一些幅度(2018-01-29 20:47:36)
,止损在日内低点，上方关注153.35附近，短线对待(2018-01-29 20:42:53)
0,走势还是偏弱些，没出现止跌迹象，耐心等待做多信号，现在不着急(2018-01-29 20:38:30)
,进场需要关注2个方面：点位和时机，所以价格到位，如果没有出现做多的信号，那也不能进场(2018-01-29 20:37:51)
0,日内走势偏空，目前已经下跌60个点，空单没办法进场追空了、、至于做多暂时比较激进，存在一定风险(2018-01-29 20:33:16)
0,欧盘价格都已经跌的差不多了，这个时候没办法进场做空，风险太大(2018-01-29 20:32:19)
0,澳元上方阻力0.8140较为明显，目前在高位受阻回落，现价走势偏空，适合空单，跌至0.8040附近，若价格止跌可尝试逢低买入(2018-01-29 20:31:40)
0,欧盘到现在已经跌了65个点，现价进场点位没任何优势，错过了进场机会(2018-01-29 20:23:44)
1,日内价格在40个点的区间内窄幅震荡，个人觉得没什么操作价值、若你想进场，可现价做多(2018-01-29 20:23:07)
,蒙不到什么点位适合做多，反正现在没办法进场做多(2018-01-29 20:22:25)
0,英镑日内都是偏空，下方支撑关注1.4050、1.4030、1.4000，尤其是1.400附近的支撑较为关键(2018-01-29 20:18:18)
1,今年以来，人民币对美元汇率中间价累计上涨1906个基点，涨幅达2.92%。当前人民币对美元升值幅度仍然相对有限，而且人民币汇率指数保持相对稳定，这对出口的负面作用并不大，同时人民币对美元稳中趋升有利于稳定资本流动的预期，抑制资本外流的意愿。当然，也需要密切关注人民币升值过快对经济和出口的负面影响(2018-01-29 20:17:23)
0,现价不可以，多单还没出现进场信号，目前还是偏空走势(2018-01-29 20:11:52)
0,现价还没出现止跌的信号，多单不能进场(2018-01-29 20:11:31)
0,暂时这2个品种处于高位调整中，目前不适合做多(2018-01-29 20:11:18)
0,目前不适合美元结汇，适合人民币兑换美元，你错过了兑换时机(2018-01-29 20:03:51)
1,不着急可以等等，英镑兑人民币后市看多(2018-01-29 20:04:35)
,0
,0
,你好，欧美目前短线没有明显方向，价格围绕1.2250上下摆荡，建议做短跑小赚即走。(2018-01-23 20:28:21)
1,你好，澳人下方5.0位置的支撑较为明显，后续短线回调后仍倾向进一步走高。(2018-01-23 20:36:12)
1,"你好，可以先行离场等待后续行情进一步回落后再布局多单。如需更多外汇技术指导，可添加微信号yishuang656,进行详细咨询。(2018-01-23 20:26:23)"
,你好，美日目前4H级别宽幅震荡格局并未发生改变，区间110.20~111.50内依然可以采取高抛低吸策略，晚间可留意区间下沿110.20区域寻找做多机会。(2018-01-23 20:17:02)
1,你好，镑美日内跌破前期高点1.3945区域后短线倾向于进一步展开回调走势，多单建议等待下方1.3900区域再寻找进场机会。(2018-01-23 20:13:06)
1,你好，镑美日内跌破前期高点1.3945区域后短线倾向于进一步展开回调走势，多单建议等待下方1.3900区域再寻找进场机会。(2018-01-23 20:06:00)
1,你好，黄金目前日内横盘平台1337区域一直未能有效上破，做多建议回调进场。(2018-01-23 20:05:04)
1,你好，镑瑞后续日线级别依然看多，但短线由于前期涨幅较大目前需要回调积蓄力量，如果是日内交易建议带好止损止盈。(2018-01-23 20:04:03)
0,你好，各位新浪的朋友们晚上好，我是分析师陈一铭，本周晚间将由我为大家做外汇分析指导。澳美日内跌破0.7975区域后，后续将有机会向下测试0.7940区域。(2018-01-23 20:02:05)
,0
1,你好 美加已经突破上涨，预计今日还有继续上行可能，下方可以关注1.246D1.247附近的支撑，回踩可布局做多，目标看1.250/1.253，之前我也提示了突破1.247可尝试追多，更多行情交流可加微信zsmlili1818(2018-01-23 16:58:25)
,你好 近期可以考虑兑换(2018-01-23 16:51:01)
1,你好 美日现价110.7可继续做多，目标看111.1，止损设110.3(2018-01-23 16:49:50)
0,你好 很多人都想知道底部，但是这个是不可预测的，只要趋势不变就持续看空(2018-01-23 16:48:58)
,你好 欧美稳健可以先观望，布局磅美更多合适(2018-01-23 16:27:07)
1,你好 磅美现价1.394可布局做多，目标看1.397/1.400，跌破1.390止损离场(2018-01-23 16:26:36)
,你好 美元不可能一直会贬值，至于逆转还要看具体走势情况或者事件，个人预期即便要反转也会先出现一波震荡企稳行情(2018-01-23 16:20:28)
,你好 澳美下方关注0.790附近的支撑，跌破看0.785(2018-01-23 16:13:03)
0,你好 美加一旦站稳1.250将看重要阻力1.260，如果突破1.260短期将有反弹可能(2018-01-23 16:11:54)
0,你好 欧美如果打算做空的，建议在1.225，突破1.227就不建议做空了，欧美近期走势震荡看涨，个人建议稳健低多为主，做空风险偏大(2018-01-23 15:44:15)
1,你好 英镑走势较强，可以考虑兑换英镑(2018-01-23 15:43:55)
,0
,0
0,你好 欧美如果打算做空的，建议在1.225，突破1.227就不建议做空了，欧美近期走势震荡看涨，个人建议稳健低多为主，做空风险偏大(2018-01-23 15:40:02)
0,你好 美元还有贬值风险，建议稍晚时间段再考虑兑换(2018-01-23 15:37:52)
1,你好 黄金今日还有上涨风险，空单建议尽早离场(2018-01-23 15:27:37)
0,你好 近期个人观点是美元还会下跌，有美元的建议近期兑换，不同分析师观点都会有所不同(2018-01-23 15:21:26)
,你好 澳元近期预计会有回调行情，但是到5.0有一定难度，在2月初很难到达(2018-01-23 15:17:16)
0,你好 可以关注111.2的阻力，突破将继续看涨，预计首次触及会有一定的回调(2018-01-23 15:16:02)
,你好 今日澳元数据不多，主要还是技术性回调为主(2018-01-23 15:14:37)
0,你好 澳美开始出现回调，预计近期将延续弱势，今日反弹0.800可尝试布局空单，目标看0.795(2018-01-23 15:10:12)
1,"你好 美加近期震荡交投，突破1.247可尝试追多，目标看1.250/1.253，跌破1.243注意止损离场
(2018-01-23 15:08:13)"
1,你好 美元反弹黄金有所承压，涨势没有改变，上方还有空间，有多单的可以继续持有，看1339D1340(2018-01-23 15:04:23)
0,你好 建议年前兑换人民币(2018-01-23 15:02:57)
,你好 GDP注水历年来都有这种情况，有影响但相对有限(2018-01-23 15:00:59)
0,你好 近期可以规避澳元，等回调结束后再布局(2018-01-23 14:33:46)
1,你好 近期英镑更为强势，可以考虑兑换英镑(2018-01-23 14:32:58)
1,你好 黄金可以关注1340D1342的阻力，如果突破将继续上涨，冲高不破回落1331可以离场(2018-01-23 14:31:09)
1,你好 黄金按提示再1335布局做多的，目标看到1339D1340，上方重要阻力在1340D1342，首次触及预计会有回落(2018-01-23 14:24:01)
1,你好 可以考虑兑换欧元或英镑(2018-01-23 14:22:03)
1,你好 趋势不会因为涨的多而改变，目前可以考虑兑换(2018-01-23 14:20:19)
1,你好 欧元近期还会上涨，今明两日可以考虑兑换(2018-01-23 13:49:54)
1,你好 黄金早盘突破昨日高点，今日有望继续上涨，目前点位1335可布局做多，上看1340/1345，如果跌破1330就要注意离场，更多行情分析可加微信号zsmlili1818(2018-01-23 13:35:27)
,0
,0
0,你好 美元不会无休止的下跌，可以长期持有，但要考虑到通货膨胀(2018-01-23 13:32:34)
1,你好 美元在90.1附近形成强支撑，展开震荡行情，但并不能代表已经企稳，一旦跌破支撑将会到89.8/89.2，重要阻力关注91.0(2018-01-23 13:26:02)
1,你好 镑澳现价触及1.751附近阻力，冲高不破将有回调，近期趋势呈现上涨，回调做多为主(2018-01-23 13:23:18)
0,你好 美元目前还是处于弱势阶段，有继续贬值风险，建议下半年再考虑兑换，如果中途有企稳迹象可以考虑先兑换部分(2018-01-23 13:20:50)
1,你好 美日近期处于震荡行情中，走势并不明朗，稳健可以选择先观望，等走势明朗后再选择布局，激进交易者可以轻仓尝试搏反弹，重点关注111.5附近的阻力，突破继续上看，跌破低点110.2就要注意止损离场(2018-01-23 13:18:20)
1,你好 黄金早盘突破昨日高点，今日有望继续上涨，目前点位1335可布局做多，上看1340/1345，如果跌破1330就要注意离场(2018-01-23 13:09:35)
1,你好 磅美整体趋势看涨，下方关注1.395附近的支撑，操作建议依托支撑可布局做多，上方阻力在1.400/1.405(2018-01-23 13:06:58)
0,你好 美元下周预计还有贬值风险，下跌的概率较大(2018-01-23 13:04:11)
,0
0,美日早间不建议进场，从分时走势上看，如果做多了，防守的止损点位在110.75，你的多单我建议可以考虑先止损离场，等日本央行的利率政策落下帷幕后再进场布局，后续行情交流，咨询及技术解析欢迎添加个人微信号：jingzhe1688跟进了解。(2018-01-23 11:50:16)
1,日本数据公布后，利率政策维稳，并没有强势鹰派表现，美日短线上涨。(2018-01-23 11:34:13)
1,美瑞近期再走区间整理，目前从分时K线图看，可以关注0.9600的一线支撑布局多单，上放个阻力在0.9650一线，这是日内短线操作方案，关于大趋势涨跌及后续的长线操作可以加微信咨询。(2018-01-23 11:16:59)
1,镑美近期走势看涨，消息面上美元疲软，同时英国脱欧过渡期将在未来几个月等到证实的乐观预期提振英镑；技术面看日线图均线呈现多头排列，小时线更是收阳线突破盘整平台，日内推荐关注1.3950一线支撑布局多单，后续更多有关贵金属，外汇，原油行情交流，咨询及技术解析欢迎添加个人微信号：jingzhe1688跟进了解。(2018-01-23 11:09:36)
1,从走势上看，你的空单可以逢低减仓，上方如果突破1.40则离场，我对镑美日内的走势是持看涨思路。(2018-01-23 11:06:23)
1,澳元现在走强，不急着用可以再等一等的。(2018-01-23 11:03:12)
1,目前澳元受澳洲经济利好的提振，短线看走势还是上行，这种趋势变数要看一季度末，如果不急着用，我建议等一等再兑换。(2018-01-23 11:02:39)
0,详情可以加个人微信咨询：个人微信号：jingzhe1688。(2018-01-23 10:53:18)
0,本周四的欧银决议是近期焦点事件，具体结汇可以看周五情况，美元大趋势看，接下来还是偏空的，周中有回弹就可以部分结汇的。(2018-01-23 10:46:07)
1,回归6.5以上的机会是有的，后续要看美联储的经济政策途径是否有变动，如果出现鹰派基调，则一季度就有机会。(2018-01-23 10:58:05)
,美国近期的主要大动作就是政府停摆，其他还有后续的经济数据公布情况，另政治不确定性依旧存在，如通俄门发酵事宜。(2018-01-23 10:27:24)
0,美日从近期基本面看，美指走低，美日承压；目前对于后市我还是持看空思路的，从日线图看，前期也是连续筑顶，除非今天上午的日本央行利率决议给出大幅度鸽派基调，否则美日短期内反转大幅度上探的几率较小。(2018-01-23 09:50:17)
,0
,0
,美元近期走势相对疲软，美加日内趋势看空，奥美日内趋势看涨，详细进场点位及布局思路欢迎加个人微信号：jingzhe1688跟进了解。(2018-01-23 09:42:56)
0,美元走软可以归结为以下几点：1.税改落实后，短线利好出尽，同时关于政府税收减少及财政赤字增加的忧虑利空美指，市场更多关注在税改长期效果；2.市场避险情绪一直存在，美国政府的政治风波屡屡上演；3.全球其他经济体也在缩紧货币政策，与美联储之间的差异性在缩小，降低了美元的优势地位。这是近期美指持续低迷的主要原因，而今天对美指走势有较大影响的是日本央行的利率决议，从目前来看，美指走低的几率较大；以上是我的看法，请参考。(2018-01-23 09:37:28)
0,美日近期走势疲软，美指下行，同时日本央行近期有变更货币政策的可能性，今天上午的焦点事件是11点开始的日本央行公布的利率决议及政策说明，存在不确定性，但是近期美日趋势上我是持看空思路的。(2018-01-23 09:23:51)
,0
1,你好，欧美目前不建议做空，欧美上周呈现高位震荡，目前没有明显的空头迹象，做空不是很合适，今天的指导就要结束了，大家的问题比较多，不能全部解答，晚间如需更多的行情走势分析及建议，可以添加微信号：zsmlili1818，获取相关的指导课程和学习课程。(2018-01-22 16:58:31)
0,你好，黄金走势偏空，亚盘黄金回落至1328附近后反弹，建议欧盘关注黄金的强弱，若上方承压在日内高点位置下方，下方跌破1328，那么晚间有较大的可能还会延续弱势回调行情，操作上择机做空是比较合适的，否则，行情有可能还是会呈现震荡行情(2018-01-22 16:39:46)
1,你好，英镑有机会上涨，可以继续持有。(2018-01-22 16:44:27)
0,你好，美日日内关注111.0/111.1的阻力位可以轻仓做空美日，反弹突破111.3就有一定的风险，如需更多行情解析及图形操作建议可以关注微信公众号：hzzsm888，获取相关的课程。(2018-01-22 16:22:59)
0,你好，美日现在做多是不合适的，(2018-01-22 16:19:06)
,你好，市场正常的波动，目前没有重点事项公布(2018-01-22 16:16:04)
0,你好，趋势下跌的行情下，市场的主要方向决定强弱(2018-01-22 16:18:14)
1,你好，建议美加关注1.244附近的支撑，回踩再考虑做多进场。下方防守支撑位是1.240(2018-01-22 16:13:42)
0,你好，短期承压回落的可能性相对较大(2018-01-22 16:19:31)
0,你好，黄金现在追多不是很合适(2018-01-22 16:51:47)
0,你好，有一定的难度。(2018-01-22 15:52:38)
0,你好，是的，澳联储对澳元的态度一直是持下跌态度的(2018-01-22 15:55:09)
1,"你好，镑美趋势还是上涨行情，判断行情的方法有很多种，在这里不能全部解答，有机会会提及一些比较常用的判断方式，有兴趣可以添加微信号：zsmlili1818,会有相关的技术面学习课程(2018-01-22 15:46:34)"
0,你好，白银走势偏空，目前不建议做多(2018-01-22 15:44:40)
1,你好，欧美下午关注1.219/1.216的支撑位(2018-01-22 15:43:44)
,你好，需要的时候，尤其是在偏离正常水平的时候，央行会干预货币政策(2018-01-22 15:56:52)
,你好，需要的时候，尤其是在偏离正常水平的时候，央行会干预货币政策(2018-01-22 15:58:20)
,0
,0
1,你好，镑美目前整体还是上涨趋势。目前从1从1小时图形走势上看，有承压回调的可能，但是介于目前主要还是上涨趋势行情，操作上还是建议大家主要顺势布局多单位为主，下方初步关注1.382的支撑位，回踩可以布局多单，做多防守支撑位看1.380，破位考虑止损离场(2018-01-22 15:58:35)
1,你好，英镑兑人民币呈现底部抬升的三角形形态，后市有破位上涨的可能，需要现在就可以兑换，英镑在去年就已经是建议大家兑换的观点了(2018-01-22 16:00:08)
1,你好，可以的，需要英镑可以现在兑换(2018-01-22 16:01:33)
1,你好，现在可以兑换。(2018-01-22 15:21:23)
1,你好，看支撑位的支撑情况了，破位则机会不大(2018-01-22 15:20:42)
0,你好，个人建议做空关注111.0/111.1的阻力位在考虑进场，(2018-01-22 15:18:47)
0,你好，建议再等等(2018-01-22 15:18:13)
1,你好，可以考虑持有，若下方支撑位有效获得支撑，二季度有一定的反弹机会(2018-01-22 15:17:21)
1,你好，镑美目前整体还是上涨趋势。目前从1从1小时图形走势上看，有承压回调的可能，但是介于目前主要还是上涨趋势行情，操作上还是建议大家主要顺势布局多单位为主，下方初步关注1.382的支撑位，回踩可以布局多单，做多防守支撑位看1.380，破位考虑止损离场(2018-01-22 15:14:17)
0,你好，破新低的情况下，有可能会下跌至108.5附近(2018-01-22 15:10:48)
1,你好，澳美近期走势上目前还是上涨趋势，日内关注0.796/0.794的支撑位(2018-01-22 15:07:39)
,你好，美加走势上有形成双底的可能，日内初步关注1.244的支撑位，有回踩机会可以考虑轻仓尝试多单，上方关注1.254的初步阻力位。(2018-01-22 15:05:45)
1,你好，可以的，现在兑换非常合适(2018-01-22 14:59:31)
0,你好，个人看空澳元长期(2018-01-22 14:59:02)
0,你好，澳美虽然目前趋势还是上涨的，但是值得注意的是澳美在4小时图形上MACD指标出现了背离迹象，走势澳美有一定的可能会回落，日内初步关注0.796的支撑，做多防守点位在0.794，上方的阻力位在0.802，可以区间操作，快进快出，如需详细的行情解析及分析课程指导，可以关注微信公众号：hzzsm888，获取直播课程。(2018-01-22 14:42:55)
1,你好，看支撑位，支撑位有效的情况下，2季度有反弹可能。(2018-01-22 14:33:06)
0,你好，欧美上周整体表现是高位震荡的行情，相对来说震荡行情建议大家操作上稳健布局为主，下方可以关注10日均线的支撑位1.215，日内做多可以在1.216的位置轻仓尝试(2018-01-22 14:29:04)
0,你好，看支撑位的支撑情况，若破位则后市有可能会延续承压(2018-01-22 14:15:22)
0,你好，有一定难度，看6.39的初步支撑位，破上周新低的话，就还会延续下跌(2018-01-22 14:11:27)
1,你好，镑美目前整体还是上涨趋势。目前从1从1小时图形走势上看，有承压回调的可能，但是介于目前主要还是上涨趋势行情，操作上还是建议大家主要顺势布局多单位为主，下方初步关注1.382的支撑位，回踩可以布局多单，做多防守支撑位看1.380，破位考虑止损离场(2018-01-22 14:10:49)
,0
,0
1,你好，看支撑位，6.35/6.30附近的支撑位(2018-01-22 14:10:24)
0,你好，从周线的表现情况来看，还有回测下跌的风险，破上周的低点位置就有可能到6.35附近。(2018-01-22 14:04:14)
1,你好，可以考虑分批兑换，可以先在6.41兑换一部分，因为不排除今天站稳在6.39上方，短期有小反弹，就有机会在6.43附近兑换了(2018-01-22 14:02:36)
0,你好，美元兑人民币目前在初步支撑位6.39附近。若本周再次出现破位下跌，那短期还有承压可能，下方测试6.35/6.30目前从周线角度来看，美元还是弱势行情，短期还是承压在6.44的阻力位位置下方。没有明显反转迹象出现的情况下，继续看空。(2018-01-22 13:33:12)
,你好，个人认为本周先关注6.39附近的支撑位，进一步支撑位在6.35，上方初步阻力位6.40/6.44，走势上还有承压下跌的可能。破上周低点，预计将会到达6.35附近，(2018-01-22 13:38:07)
,你好，目前趋势还是下跌的，中期能否反弹，短期还需关注下方的支撑情况。若行情在后市表现依然不乐观，下方跌破6.3附近的支撑位，那么美元兑人民币中期反弹的难度就比较大了(2018-01-22 13:35:43)
0,你好，各位新浪外汇的朋友们，大家下午好，我是分析师周筱冰，今天下午由我为大家做外汇行情的分析和指导，美瑞受到美元指数反弹影响，上周五出现反弹行情，本周早盘延续上涨的走势，但是上方临近重要阻力位0.967附近，日内建议在0.966/0.967的阻力位可以做空美瑞。(2018-01-22 13:13:17)
,0
0,你好，从中线看，美元兑人民币还有回落的空间，所以手上美元建议及时兑换出去，不建议长期持有。(2018-01-22 11:58:48)
1,你好，人民币对澳元处于回落阶段，建议近期可以及时兑换。(2018-01-22 11:52:37)
1,你好，镑美整体还是处于上行趋势中，个人看好到达1.41的位置，后期中长线的布局可关注我的微信号详细交流。(2018-01-22 11:39:36)
1,你好，澳美现价多先看0.800，若日内守住5日均线还有多头机会，更多布局欢迎添加我的微信jingzhe1688。(2018-01-22 10:17:18)
1,你好，美元兑人民币预计还有回落的风险，也就意味着人民币将会继续升值。(2018-01-22 09:34:56)
1,你好，欧美连续多日高位震荡，守住下方1.2170的支撑，逢低做多，严设止盈止损。(2018-01-22 09:38:02)
1,你好，美加日内多头趋势强势，日内关注下方1.2440附近支撑，逢低可布局多单，短线看涨。(2018-01-22 10:05:14)
1,你好，由于美国参议院投票未能通过短期政府预算案，美国政府停摆危机变成现实，预计对本已经持续疲软的美元构成进一步打击，黄金等避险品种则可能受到提振，黄金目前处于高位震荡，下方关注1325-1329一带支撑，逢低布局多单。(2018-01-22 09:24:59)
0,你好，美日偏空走势，上方关注111.1附近的阻力，逢高布局空单，日本央行的利率决议即将来袭，预计对汇市造成持续冲击。相比于已经在2017年加息三次，并将持续收紧政策的美联储来说，日本央行依旧保持着鸽派的货币政策立场，收紧政策的脚步也相对落后。(2018-01-22 09:06:53)
,0
1,近期上涨走势保持完好，目前在高位回落，适合逢低买入，下方进场点位关注1.3800--1.3830，下方关键支撑1.3770附近，若跌破此价格，就不适合继续看多(2018-01-19 21:54:28)
0,现价就可以离场了，做短线单子，本周市场处于调整中，均在震荡，后市走出区间之后方向会明朗些，届时在做(2018-01-19 21:46:32)
0,做好盈利保护，拿着先看看，下方支撑110.00破位会进一步下跌(2018-01-19 21:45:48)
1,现在没办法做空，点位太低了，，再跌就可以逢低买入了(2018-01-19 21:45:15)
,0
,0
1,澳元适合回落后在0.7980附近逢低买入，高位不追(2018-01-19 20:59:33)
1,不做空，可做多，短线单子(2018-01-19 20:59:01)
0,90.10跌破还会继续下跌，本周价格处于90.10--91.00区间震荡(2018-01-19 20:44:08)
1,走势还是处于近期上涨行情之中，目前迹象看多，晚间适合回落后逢低做多(2018-01-19 20:44:59)
0,跌了，近期价格一直跌，一些结汇的朋友损失较大，市场都没有给结汇的机会(2018-01-19 20:42:45)
1,现价可做多，止损110.50，上方关注111.00附近，短线单子(2018-01-19 20:21:48)
1,现价在高位回落，适合回落后在0.7250附近逢低买入(2018-01-19 20:22:13)
0,"欧元可现价做空，止损1.2300,（若价格向上突破止损，可反手加仓50%追多）(2018-01-19 20:21:25)"
0,走势偏多，本周出现高位调整，现价可做空，止损1.2300，若止损可反手加仓50%追多(2018-01-19 20:11:48)
1,现价走势偏空些，在1.3840附近逢低买入(2018-01-19 20:06:09)
1,回落之后逢低买入(2018-01-19 20:06:36)
1,现在就可以开始兑换，近期美元一直在下跌(2018-01-19 20:08:05)
1,现在就可以开始兑换，后市价格还会跌一些，分批换(2018-01-19 20:08:27)
1,可以，止损在1.2300，若是价格向上突破，止损之后反手加仓50%追多(2018-01-19 20:09:00)
,对市场影响很小(2018-01-19 20:09:10)
0,暂时有点困难，英镑适合回落后逢低买入(2018-01-19 20:09:38)
1,暂时继续看多，晚间适合回落后逢低买入(2018-01-19 20:09:52)
1,现价可以做多，止损在1.2400，上方关注1.2460，短线单子(2018-01-19 20:10:16)
0,按照以往的经验来看比较困难(2018-01-19 20:10:47)
,0
,暂时没有这个建议，看个人需求的时间去决定(2018-01-19 16:57:15)
,0
,0
,不是澳元强，还是美指太弱，美国政府摇摆不定的(2018-01-19 16:52:05)
,但也是在告诫出口企业汇率的未来风险是多大，这也才只是开始。还有中国有消息报导暂缓购买美国国债，变相的就是吸收这些美元(2018-01-19 16:52:56)
0,严格设置止损是当前行情最好的建议，不扛单不套单尽量空仓规避风险为主(2018-01-19 16:47:47)
,这个补空时间是不确定的(2018-01-19 16:41:03)
,下单即设置止损才不会套单，做交易有亏损是很正常，但是不去承认亏损那绝对是危险的。(2018-01-19 16:36:40)
0,目前除了美国参议院的投票没啥利好消息，或者欧央行出来干预一下打压欧元(2018-01-19 16:36:05)
,会的，不过这几天正在开全会期间，不好说会立即出来干预(2018-01-19 16:25:18)
,2月初可以去考虑的，因为目前是非正常时期回答太肯定会被误导，因为短时间不利于我的观点，因为很多人只关注当下并不去看未来如何(2018-01-19 16:20:19)
,当前没有想法去低位布局做空美日(2018-01-19 16:13:35)
,"交投上：亚洲：新西兰，澳大利亚（9:30），中国，香港，日本这几个大的金融中心分别开始。欧洲：（15:30，但是德国是14点）欧元区（15:30），瑞士，英国（16:30）；美盘是，美国，加拿大，（20:30）含有欧洲尾盘
重要行情交投时间就成了，亚盘7-10:30点，欧盘14-17:30点，美盘20-23点（这是夏令时，冬令时亚盘提前1小时，欧美盘延后一小时）(2018-01-19 16:10:37)"
,现在没法给这么长期的展望(2018-01-19 16:05:38)
,现在不是经济问题，是美国政治问题导致的(2018-01-19 16:03:56)
,这个现在不好断言，12月给过机会，未来是否给机会需要走一步看一步(2018-01-19 16:03:39)
0,止损严格设置吧，等待市场的走势。1.关于止损：A外汇止损：直盘的最大止损不超过30个点，一般在20-25个点，中线不超过50-80个点；交叉盘的最大止损不超过35-50个点，B 黄金止损：最大止损不超过8美金，一般在3-5美金即可(2018-01-19 15:57:37)
,机会还是有的，澳元现在趋近于5.1附近就需要考虑兑换，贪吃5.05-5.08，但是这个就要看运气和市场说了算了(2018-01-19 15:56:57)
,美日目前关注的就是是否破位(2018-01-19 15:56:30)
,这个没想法，回答不了哦(2018-01-19 15:49:58)
,目前都是未知数(2018-01-19 15:38:45)
,政治因素不好去判断，利好穷人那么有钱人就会受伤。。。(2018-01-19 15:38:11)
0,现在都是未知数反弹压力先看1.2460-70(2018-01-19 15:32:09)
,0
,0
,目前没有时间公示出来，看美盘能否出参议院的投票结果(2018-01-19 15:31:02)
0,欧纽以及涨了不少，1.6830-50有较大压力，可以去沽空，止损1.6875，看向1.6770-80，供参考(2018-01-19 15:30:30)
,欧元/人民币月底有望到7.78附近，可以去考虑兑换（目前在7.84）(2018-01-19 15:25:04)
,近期没法去结汇，汇率一直下跌，只有看你需求时间来决定了(2018-01-19 15:22:50)
1,美加目前1.24关口支撑着，加元是美盘货币，日内波幅有限主要看美盘行情为主(2018-01-19 15:16:41)
1,欧盘时段即将开盘，美元/人民币也即将回到6.4附近以及上方(2018-01-19 15:14:43)
0,1.226的话目前有小赚，建议做好相应的止损，1.2280-90的阻力；，下方1.2210-20的支撑可以作为目标(2018-01-19 15:14:15)
,先拿着吧，看欧美盘的走势(2018-01-19 15:13:05)
,目前只是开盘下跌，并不代表实际的破位(2018-01-19 15:12:48)
,目前不代表实际破位(2018-01-19 15:12:29)
,这个只有看4-6月份了(2018-01-19 15:12:15)
,不急用就屏蔽近期的汇率走势(2018-01-19 15:10:49)
,其他非美货币也是在高位，除了换美元在低位没得选择(2018-01-19 15:04:58)
,可以等5月份去考虑兑换(2018-01-19 15:04:08)
,人民币的走势是央行在控制的(2018-01-19 14:52:54)
,有这个想法和建议，但是看下周市场的走势了(2018-01-19 14:42:04)
0,"近一个月以来英国经济数据逐步的利好，镑美破位稳步走高，再加上美指下破导致英镑破位18月以来的高点，目前在1.39附近徘徊直接逼近1.4关口。下一步又该如何？个人判断短期英镑稳步走高但是越逼近1.4那么越接近了多头的尾声。
(2018-01-19 14:41:39)"
1,机会还是有的，澳元现在趋近于5.1附近就需要考虑兑换，贪吃5.05-5.08，但是这个就要看运气和市场说了算了.急于想得到答案的朋友，可加【Q群 五六七 七八八 三零七】咨询，群里也有老师指导，及时解答交易/换汇难题(2018-01-19 14:38:44)
,现在只有被动的等待，煎熬过这几天的非正常的汇率走势(2018-01-19 14:38:01)
,没有明确的时间公示，预计是傍晚十分也就是美国时间的周五早上(2018-01-19 14:37:32)
,0
,0
,目前建议等待3月后去考虑换加元(2018-01-19 14:35:53)
,现在是关键时期，没有好的建议，要么等要么择机去结汇(2018-01-19 14:36:16)
1,110.50-60有一点支撑，不破有望反弹111.1   111.40-50，供参考（破位就不在看反弹了）(2018-01-19 14:35:36)
,现在都是55开的局面(2018-01-19 14:35:05)
,陷入了焦灼的状态，主因是美指90到底破与不破的选择(2018-01-19 14:32:42)
,就是这附近了(2018-01-19 14:31:16)
,脱欧的影响是不断的退化，现在最大的直接影响在于美国身上，欧洲并没有较大的问题，现在经济上都在复苏和增长，主要是政治上的问题(2018-01-19 14:23:52)
,这个不是我们该考虑的问题(2018-01-19 14:22:34)
,目前没有接到新浪的消息(2018-01-19 14:21:11)
,激情你需要注意110-110.5是否破位，前几天回答过，这里不破位后期才有希望去113，一旦破位，那就是希望都破灭了(2018-01-19 14:18:46)
,现在只有被动持有(2018-01-19 14:16:14)
,没有明确的时间公示，最迟今晚美盘期间(2018-01-19 14:16:01)
,现在央行也没得选择，现在又在会议期间(2018-01-19 14:15:30)
,现在都头大，对于刚需没啥好的建议，市场说了算(2018-01-19 14:12:49)
,都一年了都没下手，现在去下手真么想法，看你自己的选择了，18年也才开始(2018-01-19 14:09:31)
,目前最喜的是需求美元的，坐不住的是央行和需求结汇的企业，这走势也没有啥建议，很是被动(2018-01-19 14:07:17)
1,"欧美目前震荡走高，上方关注1.2285-95的压力，供参考...可加企鹅群【五六七 七八八 三零七】咨询，群里也有老师指导，及时解答交易/换汇难题，【送福利，年底疯狂打CALL】即刻添加：fx-xl-jyzd 微信号，免费领取VIP会员权限，享受全方面喊单、指导以及沙龙互动，更有机会报名参加宗校立老师现场直播课堂！
(2018-01-19 14:07:51)"
1,美加目前1.24关口支撑着，加元是美盘货币，日内波幅有限主要看美盘行情为主(2018-01-19 14:06:06)
,现在刚需是没得选择，很难给出完整的建议作参考(2018-01-19 13:59:29)
,有些行情分析软件是可以，有些不能(2018-01-19 13:57:36)
,0
,0
,暂时没办法兑换，你错过了兑换的时机，目前很被动(2018-01-29 20:05:42)
1,属于调整走出，跌幅有限，后市适合逢低买入(2018-01-29 20:06:04)
0,美元主动“示弱”的作用之一是利好美国经济：无论是缩表、加息还是减税，其目的就是让美元资本回流美国，以提升其本土制造业的国际竞争力。 另一个作用也清晰可见：今年以来美国各股指延续去年的升势，且上涨势头更加迅猛，其中标普500指数大幅上涨6%；美元“示弱”让全球资金开始抄底美元权益性资产，营造出了美国股市的一派繁荣景象。 美元“示弱”何时结束则会取决于美国经济金融的需要。(2018-01-29 20:17:27)
1,现在就可以开始兑换，后市英镑会走强(2018-01-29 20:07:28)
,0
,美元换回英镑的话建议1.4下方去考虑兑换，今日在线答疑到此结束，若有更多疑问，可加企鹅群【四三三 三零八 九二八】咨询，群里也有老师指导，及时解答交易/换汇难题，或者最新分析和最新策略，添加【微信公众号：xllczxl】（添加朋友-点击公众号-输入“宗校立”），独特视角解读汇市，为你的交易提供高价值参考！(2018-01-29 17:03:25)
1,结汇的话不好选择，近期日元和人民币都强势，一直在17-17.3之间徘徊，所以选择性不是很大(2018-01-29 16:52:42)
,1.408上方不着急去做多(2018-01-29 16:52:11)
,前面已有回答：加元对于美元而言近期是较强势的，因为美元自身很弱，故美加是下跌；加元/人民币而言是震荡为主，两周都强，基本是在5.1-5.15之间徘徊，对于兑换而言短期刚需的就在趋近于5.1附近去直接兑换，不是刚需的兑换3-5成，剩下的在3-5月份在5.03-5.05区域去全部兑换，供参考(2018-01-29 16:51:07)
,可以去关注和等待的(2018-01-29 16:44:14)
1,美加当前小震荡走高，今日区间看的是1.231-1.2385之间窄幅震荡，当前中间区域不好下手，只有等美盘(2018-01-29 16:43:09)
1,如果成立，那么必然是暴涨的，因为美股资金逃离只有黄金才能起到一个蓄水池(2018-01-29 16:35:44)
,关键看你需求时间来决定，近期在低位可以逐步购汇而不是结汇的考虑(2018-01-29 16:35:13)
,下单即设置止损才是硬道理，本身你这个单子都是高位追多单，不可久拿(2018-01-29 16:25:09)
,欧元虽然强势，但是是兑美元而言的，对于人民币而言并不强，所以在高位区域可以去结汇的(2018-01-29 16:24:44)
,17.2附近以及上方都可以去兑换日元了(2018-01-29 16:18:01)
,建议等年中去考虑，当然汇率能见到8.7附近以及下方都可以逐步去考虑兑换，供参考(2018-01-29 16:04:51)
,"短期刚需的就在趋近于5.1附近去直接兑换，不是刚需的兑换3-5成，剩下的在3-5月份在5.03-5.05区域去全部兑换
(2018-01-29 15:54:18)"
,"奥美目前回踩先看0.8040-60区域，供参考可加企鹅群【四三三 三零八 九二八】咨询，群里也有老师指导，及时解答交易/换汇难题，【送福利，年底疯狂打CALL】即刻添加：fx-xl-jyzd 微信号，免费领取VIP会员权限，享受全方面喊单、指导以及沙龙互动，更有机会报名参加宗校立老师现场直播课堂！
(2018-01-29 15:46:53)"
,黄金1360-70成为了压力，不突破则有望回落1310-1320，但是一旦突破就有望冲击1400附近，所以本周需谨慎一点，波幅很大(2018-01-29 15:46:16)
,这个要看你需求的时间来决定(2018-01-29 15:45:29)
,0
,0
1,现在就开始兑换吧，欧元兑人民币近期一直跌不动，后市预计突破8.0的概率很大，至少换一半(2018-01-18 21:09:26)
0,止损在日内高点，下方关注111.00、110.90吧，短线单子(2018-01-18 20:49:20)
1,因美元疲弱依旧，且英国下议院批准了脱欧法案，英镑兑美元重拾升势，刷新日高1.3890、、、下方关注1.3800、1.3750附近支撑，不跌破就适合逢低买入(2018-01-18 20:48:21)
,关注1.2250附近，如果价格出现局部顶部信号，就可以逢高做(2018-01-18 20:38:27)
0,目前有点困难，现价可轻仓尝试做空，止损在日内高点(2018-01-18 20:12:10)
0,可现价做空，止损在日内高点(2018-01-18 20:14:02)
1,需要的话现在就可以兑换，澳元兑人民币近期一直在低位反弹上涨(2018-01-18 20:09:33)
1,日内价格一直在涨，现价没必要追多了，错过了进场点位(2018-01-18 20:05:32)
1,属于技术上的反弹，英镑虽然天图上维持涨势，但是短线也出现调整的迹象（天图昨日出现上上影线），下方关键支撑1.3740跌破，可确定调整走势出现，不然可依托此支撑逢低做多(2018-01-18 20:06:10)
1,暂时不着急，现价人就处于低位反弹上涨中，现在还没出现止涨信号，空单不急于进场(2018-01-18 20:07:28)
0,只能轻仓去尝试，止损1335(2018-01-18 20:07:45)
,关注1333附近阻力，日内多空分水岭(2018-01-18 20:08:00)
,黄金晚间冠军朱1333附近阻力，日内多空分水岭、、、原油晚间关注属于，现价适合轻仓做多(2018-01-18 20:08:43)
,预计美元会持续下跌，欧元有望进一步上涨，暂时可以按照这样的思路去分析行情，届时灵活应变(2018-01-18 20:09:13)
,预计美元会持续下跌，欧元有望进一步上涨，暂时可以按照这样的思路去分析行情，届时灵活应变(2018-01-18 20:09:53)
1,110.90附近逢低买入，现价不多(2018-01-18 20:10:16)
1,可以轻仓做，止损111.50，若价格向上突破，可反手加仓50%做多，，，短线对待(2018-01-18 20:10:48)
1,是呀，近期人民币一直在走强(2018-01-18 20:11:00)
0,晚间关注1333附近阻力，不突破可尝试做空，现价没合适的操作建议(2018-01-18 20:11:25)
0,是的，一直在下跌，今年可能会跌至85.00附近(2018-01-18 20:11:50)
,0
,0
,难度很大(2018-01-29 15:45:11)
,趋近于4.6附近就可以逐步的去兑换了(2018-01-29 15:34:01)
1,本周才开始，没法去猜测的，需要耐心去等待。美元/人民币而言短期看6.33-6.35能否反踩回去站稳，若不能站稳下一步看6.26附近， 站稳有望短期到6.4-6.43之间(2018-01-29 15:33:29)
,镑美结汇近期趋近于9附近都可以考虑(2018-01-29 15:03:00)
,纽元要看对美元还是人民币，目前来看是在高位震荡，是否下跌需要看周三后的走势(2018-01-29 15:01:22)
1,如果大规模基建的话会有大量外部投资资金进入美国，那么就会利好美元(2018-01-29 14:50:58)
,是的(2018-01-29 14:50:26)
,日内 当前在1.408-1.415之间窄幅震荡为主，今日可以高估低渣，止损30点左右就好，供参考 (2018-01-29 14:50:07)
0,低位不建议持有，建议短线获利为主，做好相应的止损吧，防止意外(2018-01-29 14:49:28)
,没有加息预期，关键看措辞怎么发布(2018-01-29 14:44:14)
,可以考虑，警戒线108.20-30即可。今日没啥重点数据，关注交投时间欧美盘就可以(2018-01-29 14:43:47)
,关键是美国现出来干预汇率，尤其是美国财长主动说汇率低有利于出口，现在中央行在贸易上不好出来直接干预(2018-01-29 14:38:20)
0,可以轻仓考虑，止损不超过30点，供参考(2018-01-29 14:36:38)
,目前刚需选择性不大， 没法给建议(2018-01-29 14:35:26)
0,短线开始关注回调走势，反弹阻力1.2437-45 可高空 止损1.2470 目标1.2401  1.2380；  18点之前 先见到1.2367附近一带 轻仓做多 止损1.2337 目标1.2392   1.2418附近，供参考，可加企鹅群【四三三 三零八 九二八】咨询，群里也有老师指导，及时解答交易/换汇难题，【送福利，年底疯狂打CALL】即刻添加：fx-xl-jyzd 微信号，免费领取VIP会员权限，享受全方面喊单、指导以及沙龙互动，更有机会报名参加宗校立老师现场(2018-01-29 14:24:06)
,"这个没法去预测，给机会就去选择购汇够好。对于澳元、纽元、加元的需求，人民币兑换可以逐步去选择，之前给的澳元5、05-5.08区域，纽元4.6附近和加元5.1附近基本以及到达，是否贪吃就看你的选择了。
（现价段是人民币被动升值，其他外币对于美元升值幅度不是很大稍有下跌就/人民币下跌较大，这是给购汇的好机会，当然购汇美元也是好机会，预计结汇在4-6月份去选择）
这是上周五在群里给出建议的(2018-01-29 14:19:08)"
,澳元在5.1下方都可以去选择购汇，上周五在群里明确直接提示的。机会给了不要错过，只有合适没有绝对的(2018-01-29 14:17:14)
,结汇近期是真没有建议(2018-01-29 14:09:37)
,需求美元，人民币购汇的话近期在低位都可以选择了(2018-01-29 14:09:22)
,"美日今日是看围绕109上下震荡，下方支撑108.4附近，上方压力109.20-30,；镑美1.4150-70的压力区域，下方1.3070-80的支撑。基本都是看高估低渣的走势(2018-01-29 14:08:54)"
,0
,0
,下午好，是的，目前并没有改变这个观点(2018-01-29 14:04:46)
,18年暑假需求建议等4月后去兑换，预计是8.65-8.7左右，供参考(2018-01-29 14:04:15)
,本周的焦点在周三ADP和周四美联储利率决议，周五非农，。对于非农而言影响基本可以忽略的(2018-01-29 14:02:59)
,当前在1.408-1.415之间窄幅震荡为主，今日可以高估低渣，止损30点左右就好，供参考(2018-01-29 14:00:45)
,"加元对于美元而言近期是较强势的，因为美元自身很弱，故美加是下跌；加元/人民币而言是震荡为主，两周都强，基本是在5.1-5.15之间徘徊，对于兑换而言短期刚需的就在趋近于5.1附近去直接兑换，不是刚需的兑换3-5成，剩下的在3-5月份在5.03-5.05区域去全部兑换，供参考
(2018-01-29 13:57:40)"
,不知道你看的镑美是看涨还是看跌，当前在1.408-1.415之间窄幅震荡为主(2018-01-29 13:55:07)
,奥美目前在高位0.81上下震荡，短期呢铁矿石有在下跌，故奥美上涨有限，不过美元在低位徘徊，故大区间0.795-0.817之间高位宽幅震荡为主(2018-01-29 13:51:59)
0,美元/人民币近期一直在震荡下跌，短期看6.33-6.35能否反踩回去站稳，若不能站稳下一步看6.26附近， 站稳有望短期到6.4-6.43之间(2018-01-29 13:50:18)
,0
,加元一直在走强，美元在走弱，美元换加元宜早不宜迟(2018-01-29 20:07:08)
,0
,你好，本周四和周五才是根本解决美元是否触底的最大因素(2018-01-29 11:37:16)
1,你好，如果选择买入推荐当前就可以考虑(2018-01-29 11:37:43)
,你好，预计下跌空间在缩窄(2018-01-29 11:29:13)
0,你好，在刚刚过去的一周，美元空头如一阵风暴席卷整个金融市场，美元指数大跌创逾三年新低，除了美国贸易保护主义担忧、欧洲央行行长德拉基鹰派言论的影响之外，美国财长努钦的美元走软对美国有利的言论更是重创了美元。展望本周，将有包括美联储决议、非农、美国国情咨文以及美国PCE数据等众多经济数据公布，此外美国内需虽强劲，但第四季度经济增长预期依旧放缓，美国税改后续影响以及未来加息预期仍是市场不可忽视的地方，美元的弱势地位能否解除，还需经历层层考验。我认为美联储利率会议和非农将决定美元生死，美元是否迎来救赎就看本周，我也同意本周行情非常大的观点，如需及时行情解析可以加我的微信号；dongxing699(2018-01-29 11:19:09)
0,你好，镑美理论上没有你这个价格，我猜测你是1.420多单吧，镑美短期有所遇阻建议反弹至1.4200及时平仓(2018-01-29 11:13:29)
0,你好，欧美压力位1.2440做空(2018-01-29 11:04:46)
0,美元一直在下跌，暂时不能结汇，目前很被动(2018-01-29 20:07:51)
,现在就可以开始兑换了(2018-01-29 20:08:10)
,你好，不排除短期触顶可能性(2018-01-29 11:03:22)
,现在就可以兑换，汇率处于较高为主(2018-01-29 20:09:21)
,0
,0
,现在换一半，其余的暂时等等(2018-01-29 20:10:09)
,0
,你好，可能性不大(2018-01-29 10:53:31)
0,你好，盘中一定反弹会有，注意压力位1.4200(2018-01-29 11:03:56)
1,你好，镑日不推荐做空，镑美反弹可以激进考虑(2018-01-29 10:53:19)
,你好，美元指数有企稳迹象，美元兑人民币待企稳(2018-01-29 11:05:56)
0,你好，今天镑美预计震荡，高位回调可能性偏大(2018-01-29 10:52:54)
,你好，想兑换的时候就无需在等(2018-01-29 11:38:02)
0,幅度有限，整体走势暂时还是偏空的(2018-01-29 20:10:38)
1,你好，美瑞关注支撑0.9310(2018-01-29 11:04:34)
0,你好，以趋势来说是空为主(2018-01-29 10:27:32)
,现在就开始兑换(2018-01-29 20:10:51)
,你好，考虑154.2附近(2018-01-29 10:26:56)
1,现在开始兑换，加元近期表现很强势(2018-01-29 20:08:47)
,你好，现价兑换是有价值的(2018-01-29 10:19:06)
,你好，建议可以兑换了(2018-01-29 10:18:47)
0,你好，美日日内阻力109.2(2018-01-29 10:07:47)
0,你好，美日今天主要看是否企稳，压力位109.2(2018-01-29 10:08:03)
0,你好，镑美阻力位1.4220(2018-01-29 10:00:24)
1,你好，美加分析看日线目前在布林带下轨获得一定支撑，如果今天企稳1.2370上方则短期将看涨(2018-01-29 09:53:38)
,你好，我认为是的(2018-01-29 09:58:54)
,0
,0
,你好，本周市场将迎来美国12月份PCE物价指数和欧元区四季度GDP数据，随后是美联储利率决议和美国1月ISM制造业PMI，最后还有美国12月份非农就业报告压轴登场。超级周已经拉开序幕，预计非美货币，黄金，原油均会大幅波动，如需及时行情解析可以添加我的微信号：dongxing699(2018-01-29 09:48:56)
0,你好，刚刚过去的一周，在IMF上调了全球未来经济增长预期的背景下，EIA原油库存再次下降，创下记录最长连续下降，同时美元大幅下跌，帮助油价继续冲高。不过我个人认为，随着美元的逐步企稳可能性，以及市场开始进行套期保值，不排除美原油在68美元遇阻。(2018-01-29 09:43:47)
,你好，当前兑换有价值(2018-01-29 10:08:21)
0,"你好，作为观察美国通胀变化的重要指标之一的PCE物价指数，尤其是核心PCE物价指数，历来是每个月市场重点关注的一个数据，因为这个和美联储最关注的通胀有关。目前市场预期美国12月份核心PCE物价指数将增长1.6%，相对比11月份的1.5%要乐观，如果数据符合预期或者好于预期，有望给美元提供一些支撑；但如果数据表现不佳，则美元可能会延续跌势。
(2018-01-29 09:41:58)"
,你好，我认为有这个机会(2018-01-29 09:39:33)
,你好，本周数据众多，对于美元影响很大，有企稳的可能性(2018-01-29 09:39:21)
,你好，刚刚过去的一周市场波动较大，美元指数大跌创逾三年新低，多数非美货币创多年新高，国际油价大幅上涨，现货黄金也涨至一年半高位，接下来的一周也不会太过平静，首先将迎来的是美国12月份PCE物价指数和欧元区四季度GDP数据，随后是美联储利率决议和美国1月ISM制造业PMI，最后还有美国12月份非农就业报告压轴登场(2018-01-29 09:38:51)
,你好，如果以长期布局来说，可以考虑(2018-01-29 09:42:12)
,你好，如果以长期角度看，现在换也是合适的(2018-01-29 09:36:04)
0,你好，预计会，你好，本周有许多超级数据和美元有关，按照美元这种超跌程度，不如等美联储利率后（本周四凌晨3点），因为从走势上看，非美货币高位已经开始回调了(2018-01-29 09:30:49)
0,你好，本周黄金主体建议高空为主，压力1355，日内支撑关注1345 1341.(2018-01-29 09:31:14)
0,你好，本周有许多超级数据和美元有关，按照美元这种超跌程度，不如等美联储利率后（本周四凌晨3点），因为从走势上看，非美货币高位已经开始回调了(2018-01-29 09:30:12)
,你好，镑美高位运行，现在在5日均线处震荡，压力位1.4170，支撑位1.4070(2018-01-29 09:33:21)
0,你好，今天欧美回调的话1.2350附近(2018-01-29 09:27:56)
1,你好，澳美均线支撑不错，建议0.8050轻仓做多(2018-01-29 09:33:38)
,你好，等待企稳(2018-01-29 09:36:12)
1,你好，镑美走势较强，但是高位情况下还是注意回落可能性，日内关注1.4080支撑(2018-01-29 09:26:56)
0,"大家早上好，我是汪东兴，本周上午由我与大家探讨外汇行情。黄金上周经历了大起大落，在1365-1330区间宽幅震荡。上周初，美国政府经历了关门危机，黄金一度受到支撑，而且知情人士透露，参议院民主党领袖舒默撤回了为美墨边境墙提供资金的方案，若三周后未能达成新的拨款法案，美联邦政府将再次面临停摆风险。今天黄金建议1355美元做空，目标1345,1341，止损1360美元(2018-01-29 09:20:13)"
1,你好，这个我认为还是取决于大宗商品行情，个人认为澳元会升值(2018-01-29 09:23:06)
0,你好，美日低位震荡，预计企稳反弹，欧美高位回落为主行情看法(2018-01-29 09:23:26)
,0
,0
,你好，从非美货币看，有回调趋势，故美元本周有望企稳(2018-01-29 09:36:41)
,0
,你好，今晚的讲话相对于凌晨特朗普接受采访时候的讲话影响小，市场反应有限。(2018-01-26 21:47:49)
0,你好，美日操作思路反弹高空，上方压力首先关注109.50区域，临近周五收盘，避险品种进场需谨慎。(2018-01-26 21:44:46)
,你好，数据有好有坏，GDP表现不如预期，核心通胀表现较好，美元目前上下波幅有限。(2018-01-26 21:41:40)
,你好，看盘软件4小时周期下的图表。如需更多外汇技术指导，可添加微信号xi13762 202524，进行详细咨询。(2018-01-26 21:20:47)
0,你好，英镑目前陷入高位整理走势，要做多最好等待价格回调至4H级别布林带中轨附近再寻找进场机会。(2018-01-26 21:14:47)
0,你好，数据前不猜方向，美元短线反弹后还是择机高空。而且大家应该更多关注美国官员以及特朗普在达沃斯论坛的讲话，这个对价格走势影响比数据大。(2018-01-26 21:06:28)
,你好，欧美关注下方1.2390区域，镑美关注下方1.4180区域。如需更多外汇技术指导，可添加微信号xi13762 202524，进行详细咨询。(2018-01-26 20:57:51)
0,你好，如果要中期做空美日，建议选择更高的位置进场，美日目前周线级别宽幅整理区间108~115范围，如果要布局尽量再111.00之上再考虑。(2018-01-26 20:40:09)
,你好，如果不急着结汇可以先拿一拿，后续反弹再进行结汇。(2018-01-26 20:24:35)
0,你好，美加短线操作思路仍然是逢高做空为主，上方压力关注1.2360以及1.2400区域。(2018-01-26 20:22:41)
0,你好，欧瑞前期上升楔形走势于昨日向下跌破趋势线，短期顶部形成，后续关注1.1600以及1.1530区域测试情况再判断是否形成趋势反转。(2018-01-26 20:17:52)
,你好，近期5.12附近就可以考虑兑换一部分，剩下的部分看有没有机会再次测试5.0区域。(2018-01-26 20:15:50)
0,你好，109.50可以轻仓尝试空单，止损日内高点上方。(2018-01-26 20:14:28)
0,你好，欧美做空建议等待上方1.2500区域小止损尝试。如需更多外汇技术指导，可添加微信号xi13762 202524，进行详细咨询。(2018-01-26 20:11:38)
,你好，短期内大幅回升的概率较小，如果需要购入建议分配好资金。(2018-01-26 20:07:13)
1,你好，镑日近期展开震荡上行走势，做多不建议高位追单，可留意4H级别布林带中轨回踩后的进场机会，支撑位关注155.00区域。(2018-01-26 20:06:14)
1,你好，各位新浪的朋友们晚上好，我是分析师陈一铭，本周晚间将由我为大家做外汇分析指导。磅日近期展开震荡上行走势，做多不建议高位追单，可留意4H级别布林带中轨回踩后的进场机会，支撑位关注155.00区域。(2018-01-26 20:04:22)
,0
0,你好，走势上目前还是偏空的，暂时没有反转迹象出现。还有下跌可能(2018-01-26 16:41:08)
0,日元走势震荡偏空，后市还有回落可能，需要结汇，现在就可以考虑(2018-01-26 16:38:46)
,0
,0
0,"你好，美加目前走势偏空，需要兑换建议及时兑换。如需更多的交易技巧课程的学习可以关注微信公众号：hzzsm888,获取相关的资讯和内容。(2018-01-26 16:37:20)"
0,你好，若晚间再破新低预计再反弹的机会不大(2018-01-26 16:07:01)
,你好，目前没有见底迹象(2018-01-26 15:39:41)
,下午好，昨日的低点位置，是今天的初步支撑位(2018-01-26 15:40:38)
0,你好，美日昨日虽然出现反弹，但是日线依然收在5日均线下方，趋势上美日还是空头，做多不是很安全(2018-01-26 15:39:26)
1,你好，黄金昨日波动比较大，今天收周线，建议日内稳健布局，关注1340/1338的支撑位做多。(2018-01-26 15:41:51)
,你好，镑美短期关注1.456，镑纽看1.983(2018-01-26 15:17:36)
0,你好，美加是下跌趋势，反弹有一定的难度，初步支撑位置是1.231(2018-01-26 15:15:34)
,你好，美指近期受到美国财长和特朗普讲话的影响，波动相对较大(2018-01-26 14:51:55)
,你好，欧日是横盘震荡行情，上下区间135.0/136.2，可以区间布局，破位离场。(2018-01-26 14:29:09)
0,你好，美日在周三跌破110.0的支撑位后，提示过短期的行情走势上方，关注110.0/110.1的阻力位，做空可以一次位防守点位进场布局。短期下方关注108。0，如需详细的图形解析，及行情分析，可以添加微信号：zsmlili1818，获取相关的学习课程和资料。(2018-01-26 13:59:09)
0,你好，建议做外汇交易还是要注意行情的趋势，若行情是明显的下跌趋势，做多面临的风险也是比较大的(2018-01-26 13:34:36)
0,你好，本周美国财政部长努钦的讲话对美元造成重创，昨日特朗普再接受采访时发表讲话，其中提到美国财政部长努钦关于美元的讲话被媒体断章取义。同时还强调，随着美国经济不断向好，最终希望看到更强势的美元。这样的言论在昨日支撑了美元，值得注意的是，这和2016年特朗普上任时提出认为美元价格过高的言论相悖，总体是来说，目前就美元兑人民币的走势上来看，没有明显的反转迹象，前期的加速下跌行情还没有缓和，如果现在持有，不妨关注6.3附近的支撑位，若弱势延续，该要离场还是要离场的。(2018-01-26 13:31:52)
1,你好，英镑预计还会有上涨机会，可以继续持有。(2018-01-26 13:23:38)
,你好，可以现在兑换。(2018-01-26 13:23:14)
,你好，目前没有明显的企稳反转迹象出现。(2018-01-26 13:13:55)
0,可以再等等，还有下跌的可能(2018-01-26 13:10:48)
1,你好，镑日的趋势还是上涨的，走势上继续看涨，短期下方关注153.8的支撑位，上方关注156.4的阻力位。(2018-01-26 13:08:27)
0,你好，澳元后市还有下跌机会，不急用可以考虑再等等，大家下午好，我是分析师周筱冰，今天下午由我为大家做外汇行情的分析和指导。(2018-01-26 13:07:16)
,0
0,你好，美瑞大趋势看还是偏空走势，上方阻力可重点关注0.9460，守住阻力位偏空布局，当前处于0.94整数位，在没有站稳前不考虑多单。(2018-01-26 11:42:26)
,0
,0
0,你好，人民币兑英镑呈偏空震荡，可以当前兑换一些，用的时候再兑换。(2018-01-26 11:54:26)
,你好，特朗普的言论短期有一定提振作用，不过整体看还未出现明显反弹走势，若不是急用，暂时可以先缓缓，等待明显企稳后再兑换也未尝不可，你说呢。(2018-01-26 11:57:25)
,你好，可以考虑人民币，欧元，英镑等等(2018-01-26 11:57:50)
1,你好，当前暂时不进，在1.4200附近有阻力，若能站稳1.4230可以轻仓短多，一般止损在30个点左右，短期不排除会有震荡需求。(2018-01-26 11:07:30)
1,你好，个人觉得白银后期还有一定上行空间，可以中长线布局。(2018-01-26 12:00:58)
,你好，可以考虑欧元或英镑(2018-01-26 11:58:16)
1,你好，昨日纽约时段，特朗普接受采访时表示，随着美国经济不断向好，最终希望看到更强势的美元；该讲话助美元指数短线反弹逾百点，近期重点关注美指动向，在昨日创的88.43的新低后在特朗普的助力下，美指出现反弹，触及89.5的阻力位，日内先关注美指能否再次录得新低，有机会再创新低则会延续空头趋势。 (2018-01-26 11:35:18)
,你好，不用兑换成美元，短期美元并没有企稳迹象，可以考虑欧元或英镑(2018-01-26 12:00:06)
,你好，欧美昨日在重大利好和重大利空影响后，最终录得带长上影线的小阴线，不过小时线在下方60日均线的支撑下，多头重新上扬，不过日内还需关注上方1.2460附近的阻力，日内依据5日均线1.2350的支撑短多布局，后期跟进可咨询微信jingzhe1688，了解更多资讯和交易技巧。(2018-01-26 10:26:06)
1,你好，个人比较看好白银后期涨势，首先在美国贸易上，打响了贸易战，预计会引发避险需求，将会利好白银，然后在政治危机上特朗普就任的半年来，美元指数就不断下跌，军事冲突、通俄门、医改受阻等事件都对银价形成较大利好；最后两党分歧犹存，美政府面临再关门的风险，将会进一步助力白银。后期跟进分析可详细了解。(2018-01-26 10:21:42)
,你好，磅美回调后再5日均线的支撑下，小幅反弹，日内可关注1.4100和1.4040的支撑，暂时短线低多布局，上方阻力在1.4250附近以及上方1.4345附近的高点，若没有重大利空，预计短期会有震荡需求。(2018-01-26 09:43:30)
1,你好，黄金进场的多单先看1355，日内暂时短线操作，逢高减仓，后续还需关注美指动向。(2018-01-26 09:37:43)
1,你好，昨日纽约时段，特朗普接受采访时表示，随着美国经济不断向好，最终希望看到更强势的美元；该讲话助美元指数短线反弹逾百点，近期重点关注美指动向，在昨日创的88.43的新低后在特朗普的助力下，美指出现反弹，触及89.5的阻力位，日内先关注美指能否再次录得新低，暂时不过多看涨或是看空。(2018-01-26 09:33:27)
1,大家早上好，很高兴今天为大家解析外汇行情的走势；昨日纽约时段，特朗普接受采访时表示，随着美国经济不断向好，最终希望看到更强势的美元；该讲话打消了市场对于美国政府倾向美元继续贬值的猜测，助美元指数短线反弹逾百点，其他各主要货币对均走出百点以上的跌幅。近期重点关注美指动向，一方面是美指昨日创的88.43的新低后在特朗普的助力下，美指出现反弹，触及89.5的阻力位，日内先关注美指能否再次录得新低，暂时不过多看涨或是看空，另一方面根据美指结合各国经济分析其他货币的走势，后期更多分析可咨询微信jingzhe1688，了解更多资讯和交易技巧。(2018-01-26 09:07:02)
0,你好，澳美昨日创新高后，高位震荡，不过未能有效突破欧盘时刻的高点，凌晨的特朗普的助力下，大幅回落，日内关注10日均线0.8的支撑位，日内回调底部暂时看0.8，从大趋势看在上年9月份的高点也在此位置，若后期能够突破预计将会打开进一步的上行空间，否则会有一定较大的回调，强支撑在0.7890、0.7800附近。(2018-01-26 09:15:08)
1,你好，磅美近期偏于强势，不过受凌晨特朗普的评论发表后，利多美元，利空非美货币，近期可关注美指的低点能否出现新低，一旦出现新低，后期趋势还是空头，日内建议企稳后布局，要不然不盲目进场。(2018-01-26 08:48:30)
,0
1,"你好，欧美回调首先关注1.2450区域。今日晚间外汇交流指导到此结束，如需更多外汇技术指导，可添加微信号yishuang656,进行详细咨询。(2018-01-25 22:30:23)"
1,你好，镑美短线还是可以采取做多策略，但不建议采取追单进场。(2018-01-25 22:11:48)
,"请问8月前美加会回弹吗？能回到1.27吗？谢谢[2018-01-25 22:05:35]
陈一铭回答如下：你好，这个时间跨度比较大，一切皆有可能，但你需要考虑你的资金能否承受向下的波动的风险。2018-01-25 22:07:22(2018-01-25 22:10:14)"
1,"你好，如果要考虑布局长线多单不建议在这个位置进场。如需更多外汇技术指导，可添加微信号yishuang656,进行详细咨询。(2018-01-25 22:09:45)"
